
-- - - - - - - - - - - - - - - - - - - - - - - - - - - - - - - - - - - - - - - - -
-- - - - - - - - - - - - TIM_VIDEO_SYSTEMS- - - - - - - - - - - - - - - - - - - -
-- - - - - - - - - - - - - - - - - - - - - - - - - - - - - - - - - - - - - - - - -

INSERT INTO "TIM_VIDEO_SYSTEMS" ("TVS_VIDEO_SYSTEM_ID", "TVS_VIDEO_SYSTEM_NAME", "TVR_RBAC_CLASS","TVR_RBAC_DEVICE","TVR_RBAC_PROPERTY") VALUES ( 10,'MARK','Class1','DEVICE1','PROPERTY1')
INSERT INTO "TIM_VIDEO_SYSTEMS" ("TVS_VIDEO_SYSTEM_ID", "TVS_VIDEO_SYSTEM_NAME", "TVR_RBAC_CLASS","TVR_RBAC_DEVICE","TVR_RBAC_PROPERTY") VALUES ( 11,'VEGARD','Class2','DEVICE2','PROPERTY2')
INSERT INTO "TIM_VIDEO_SYSTEMS" ("TVS_VIDEO_SYSTEM_ID", "TVS_VIDEO_SYSTEM_NAME", "TVR_RBAC_CLASS","TVR_RBAC_DEVICE","TVR_RBAC_PROPERTY") VALUES ( 12,'MANOS','Class3','DEVICE3','PROPERTY3')
INSERT INTO "TIM_VIDEO_SYSTEMS" ("TVS_VIDEO_SYSTEM_ID", "TVS_VIDEO_SYSTEM_NAME", "TVR_RBAC_CLASS","TVR_RBAC_DEVICE","TVR_RBAC_PROPERTY") VALUES ( 13,'MATIAS','Class4','DEVICE4','PROPERTY4')
INSERT INTO "TIM_VIDEO_SYSTEMS" ("TVS_VIDEO_SYSTEM_ID", "TVS_VIDEO_SYSTEM_NAME", "TVR_RBAC_CLASS","TVR_RBAC_DEVICE","TVR_RBAC_PROPERTY") VALUES ( 14,'ALEXANDRA','Class5','DEVICE5','PROPERTY5')

-- - - - - - - - - - - - - - - - - - - - - - - - - - - - - - - - - - - - - - - - -
-- - - - - - - - - - - - TIM_VIDEOS- - - - - - - - - - - - - - - - - - - - - - - -
-- - - - - - - - - - - - - - - - - - - - - - - - - - - - - - - - - - - - - - - - -

INSERT INTO "TIM_VIDEOS" ("TIV_ID", "TIV_VIDEO_SYSTEM_ID","TIV_KEYSTAKENDATA_TAGID","TIV_REGISTRATIONDATA_TAGID","TIV_ACTIVATIONDATA_TAGID","TIV_HOST","TIV_CAMERA","TIV_LOGIN","TIV_PASSWORD","TIV_DESCRIPTION") VALUES  ( 12,12,12,12,12,'TEST6',10,'TEST6','TEST6','TEST6')
INSERT INTO "TIM_VIDEOS" ("TIV_ID", "TIV_VIDEO_SYSTEM_ID","TIV_KEYSTAKENDATA_TAGID","TIV_REGISTRATIONDATA_TAGID","TIV_ACTIVATIONDATA_TAGID","TIV_HOST","TIV_CAMERA","TIV_LOGIN","TIV_PASSWORD","TIV_DESCRIPTION") VALUES  ( 11,11,11,11,11,'TEST1',10,'TEST1','TEST1','TEST1')
INSERT INTO "TIM_VIDEOS" ("TIV_ID", "TIV_VIDEO_SYSTEM_ID","TIV_KEYSTAKENDATA_TAGID","TIV_REGISTRATIONDATA_TAGID","TIV_ACTIVATIONDATA_TAGID","TIV_HOST","TIV_CAMERA","TIV_LOGIN","TIV_PASSWORD","TIV_DESCRIPTION") VALUES  ( 10,10,10,10,10,'TEST2',10,'TEST2','TEST2','TEST2')
INSERT INTO "TIM_VIDEOS" ("TIV_ID", "TIV_VIDEO_SYSTEM_ID","TIV_KEYSTAKENDATA_TAGID","TIV_REGISTRATIONDATA_TAGID","TIV_ACTIVATIONDATA_TAGID","TIV_HOST","TIV_CAMERA","TIV_LOGIN","TIV_PASSWORD","TIV_DESCRIPTION") VALUES  ( 12,12,12,12,12,'TEST3',10,'TEST3','TEST3','TEST3')
INSERT INTO "TIM_VIDEOS" ("TIV_ID", "TIV_VIDEO_SYSTEM_ID","TIV_KEYSTAKENDATA_TAGID","TIV_REGISTRATIONDATA_TAGID","TIV_ACTIVATIONDATA_TAGID","TIV_HOST","TIV_CAMERA","TIV_LOGIN","TIV_PASSWORD","TIV_DESCRIPTION") VALUES  ( 13,13,13,13,13,'TEST4',10,'TEST4','TEST4','TEST4')

 
-- - - - - - - - - - - - - - - - - - - - - - - - - - - - - - - - - - - - - - - - -
-- - - - - - - - - - - - Not used anymore- - - - - - - - - - - - - - - - - - - - - 
-- - - - - - - - - - - - - - - - - - - - - - - - - - - - - - - - - - - - - - - - -

--INSERT INTO "SEC_ROLE" ("ROLEID", "DOMAIN","ROLEDESC","ROLENAME") VALUES ( 10,'Class1','DEVICE1','PROPERTY1')
--INSERT INTO "SEC_ROLE" ("ROLEID", "DOMAIN","ROLEDESC","ROLENAME") VALUES ( 11,'Class2','DEVICE2','PROPERTY2')
--INSERT INTO "SEC_ROLE" ("ROLEID", "DOMAIN","ROLEDESC","ROLENAME") VALUES ( 12,'Class3','DEVICE3','PROPERTY3')
--INSERT INTO "SEC_ROLE" ("ROLEID", "DOMAIN","ROLEDESC","ROLENAME") VALUES ( 13,'Class4','DEVICE4','PROPERTY4')
--INSERT INTO "SEC_ROLE" ("ROLEID", "DOMAIN","ROLEDESC","ROLENAME") VALUES ( 14,'Class5','DEVICE5','PROPERTY5') 

--INSERT INTO "RBAC_ROLE" ("RBAC_ID","TVS_VIDEO_SYSTEM_ID", "TVR_RBAC_CLASS","TVR_RBAC_DEVICE","TVR_RBAC_PROPERTY") VALUES ( 10, 10,'Class1','DEVICE1','PROPERTY1')
--INSERT INTO "RBAC_ROLE" ("RBAC_ID","TVS_VIDEO_SYSTEM_ID", "TVR_RBAC_CLASS","TVR_RBAC_DEVICE","TVR_RBAC_PROPERTY") VALUES ( 11, 11,'Class2','DEVICE2','PROPERTY2')
--INSERT INTO "RBAC_ROLE" ("RBAC_ID","TVS_VIDEO_SYSTEM_ID", "TVR_RBAC_CLASS","TVR_RBAC_DEVICE","TVR_RBAC_PROPERTY") VALUES ( 12, 12,'Class3','DEVICE3','PROPERTY3')
--INSERT INTO "RBAC_ROLE" ("RBAC_ID","TVS_VIDEO_SYSTEM_ID", "TVR_RBAC_CLASS","TVR_RBAC_DEVICE","TVR_RBAC_PROPERTY") VALUES ( 13, 13,'Class4','DEVICE4','PROPERTY4')
--INSERT INTO "RBAC_ROLE" ("RBAC_ID","TVS_VIDEO_SYSTEM_ID", "TVR_RBAC_CLASS","TVR_RBAC_DEVICE","TVR_RBAC_PROPERTY") VALUES ( 14, 14,'Class5','DEVICE5','PROPERTY5') 

